<?xml version="1.0" encoding="UTF-8"?>
<project-private xmlns="http://www.netbeans.org/ns/project-private/1">
    <editor-bookmarks xmlns="http://www.netbeans.org/ns/editor-bookmarks/2" lastBookmarkId="3">
        <file>
            <url>web/maintainRestMenuPage.jsp</url>
            <bookmark id="1">
                <name/>
                <line>30</line>
                <key/>
            </bookmark>
        </file>
        <file>
            <url>src/java/ict/servlet/handleMenuEdit.java</url>
            <bookmark id="3">
                <name/>
                <line>51</line>
                <key/>
            </bookmark>
        </file>
    </editor-bookmarks>
    <open-files xmlns="http://www.netbeans.org/ns/projectui-open-files/2">
        <group>
            <file>file:/C:/Users/YipYi/Documents/GitHub/ITP4511_1819_Assignment/1819_ITP4511_Assignment/web/maintainAllAccount.jsp</file>
            <file>file:/C:/Users/YipYi/Documents/GitHub/ITP4511_1819_Assignment/1819_ITP4511_Assignment/src/java/ict/db/MenuDB.java</file>
            <file>file:/C:/Users/YipYi/Documents/GitHub/ITP4511_1819_Assignment/1819_ITP4511_Assignment/src/java/ict/servlet/handleRestaurant.java</file>
            <file>file:/C:/Users/YipYi/Documents/GitHub/ITP4511_1819_Assignment/1819_ITP4511_Assignment/src/java/ict/servlet/handleAccount.java</file>
            <file>file:/C:/Users/YipYi/Documents/GitHub/ITP4511_1819_Assignment/1819_ITP4511_Assignment/web/maintainRestMenuPage.jsp</file>
            <file>file:/C:/Users/YipYi/Documents/GitHub/ITP4511_1819_Assignment/1819_ITP4511_Assignment/src/java/ict/db/SearchDB.java</file>
            <file>file:/C:/Users/YipYi/Documents/GitHub/ITP4511_1819_Assignment/1819_ITP4511_Assignment/web/index.jsp</file>
            <file>file:/C:/Users/YipYi/Documents/GitHub/ITP4511_1819_Assignment/1819_ITP4511_Assignment/src/java/ict/db/UserDB.java</file>
            <file>file:/C:/Users/YipYi/Documents/GitHub/ITP4511_1819_Assignment/1819_ITP4511_Assignment/web/WEB-INF/web.xml</file>
            <file>file:/C:/Users/YipYi/Documents/GitHub/ITP4511_1819_Assignment/1819_ITP4511_Assignment/web/ViewOwnRestaurant.jsp</file>
            <file>file:/C:/Users/YipYi/Documents/GitHub/ITP4511_1819_Assignment/1819_ITP4511_Assignment/web/confirmDeleteUser.jsp</file>
            <file>file:/C:/Users/YipYi/Documents/GitHub/ITP4511_1819_Assignment/1819_ITP4511_Assignment/web/heading.jsp</file>
            <file>file:/C:/Users/YipYi/Documents/GitHub/ITP4511_1819_Assignment/1819_ITP4511_Assignment/src/java/ict/servlet/handleAccountRole.java</file>
            <file>file:/C:/Users/YipYi/Documents/GitHub/ITP4511_1819_Assignment/1819_ITP4511_Assignment/web/maintainAccount.jsp</file>
            <file>file:/C:/Users/YipYi/Documents/GitHub/ITP4511_1819_Assignment/1819_ITP4511_Assignment/src/java/ict/servlet/handleMenuEdit.java</file>
            <file>file:/C:/Users/YipYi/Documents/GitHub/ITP4511_1819_Assignment/1819_ITP4511_Assignment/web/editAccountInfo.jsp</file>
            <file>file:/C:/Users/YipYi/Documents/GitHub/ITP4511_1819_Assignment/1819_ITP4511_Assignment/src/java/ict/db/RestaurantDB.java</file>
            <file>file:/C:/Users/YipYi/Documents/GitHub/ITP4511_1819_Assignment/1819_ITP4511_Assignment/web/editRole.jsp</file>
            <file>file:/C:/Users/YipYi/Documents/GitHub/ITP4511_1819_Assignment/1819_ITP4511_Assignment/src/java/ict/servlet/LoginController.java</file>
            <file>file:/C:/Users/YipYi/Documents/GitHub/ITP4511_1819_Assignment/1819_ITP4511_Assignment/web/viewRestaurantDetails.jsp</file>
        </group>
    </open-files>
</project-private>
